168.0,1.6666666666666667,8.086951751246076,7568.081972964077,322.0,0.5217391304347826,1
469.3333333333333,1.6666666666666667,7.16759147314634,6263.540941795581,731.3333333333334,0.6399270738377393,1
731.6666666666666,1.6666666666666667,7.529914184374744,5967.458468807074,1154.0,0.6311380704794917,1
980.6666666666666,1.3333333333333333,7.990067974774753,5621.932473123504,1580.0,0.6183544303797468,1
1209.3333333333333,1.6666666666666667,8.438364130339801,5051.810375759812,2010.3333333333333,0.598905654120378,1
1414.3333333333333,2.0,9.108171733423301,5080.247185717393,2421.0,0.5818532286933774,1
1610.3333333333333,1.6666666666666667,9.621783008853372,4728.240882879203,2855.3333333333335,0.5614055568526733,1
1793.3333333333333,1.6666666666666667,11.63363934593733,8841.697674565488,3291.6666666666665,0.542379746835443,1
1958.6666666666667,1.6666666666666667,12.349869378465188,9552.427405621887,3723.3333333333335,0.5235452103849597,1
2113.0,1.3333333333333333,12.774290341576727,9311.218461871706,4165.333333333333,0.5050416133162612,1
2262.0,1.6666666666666667,13.502415431317642,9308.759429651118,4613.0,0.4884746007659513,1
2398.3333333333335,2.0,13.874079551197694,8947.142897537291,5066.0,0.47157520726411367,1
2530.0,1.6666666666666667,14.19359937137502,8740.583230201151,5553.0,0.4538087520259319,1
2644.3333333333335,1.6666666666666667,14.549021871097578,8461.320225070827,6043.666666666667,0.4356626771827257,1
2741.6666666666665,1.6666666666666667,15.123721220896195,8905.134421412526,6494.333333333333,0.4201611661448442,1
2825.6666666666665,1.3333333333333333,14.456759724418864,7890.910225151427,8838.333333333334,0.3180086743352819,1
2895.3333333333335,1.6666666666666667,13.46193096039079,6972.671107969252,11434.333333333334,0.25166895023758856,1
2973.0,2.0,14.630630753142485,6717.668301241305,14147.666666666666,0.2085620714841081,1
3043.3333333333335,1.6666666666666667,14.188309811924201,6291.675532241626,16571.0,0.18210528433206605,1
3108.6666666666665,1.6666666666666667,13.952202886907363,6002.242027976393,18842.666666666668,0.1633526747806397,1
3161.0,1.6666666666666667,13.93676012090292,5974.330741300112,21011.666666666668,0.1489648607916237,1
3209.0,1.3333333333333333,13.851455930955362,5726.403012090932,23126.0,0.13736342932918216,1
3243.3333333333335,1.6666666666666667,13.844085883295888,5691.697844734282,25177.333333333332,0.12756182809934863,1
3285.6666666666665,2.0,17.34275944595547,8003.022908681774,27299.0,0.1191985054397597,1
3345.0,1.6666666666666667,17.087947168780985,7731.823724540434,29664.333333333332,0.11167170451608553,1
3395.0,1.6666666666666667,16.864222427576898,7461.378790915732,32077.0,0.10484147520029928,1
3456.0,1.6666666666666667,17.15725101868422,7485.844883586094,32956.0,0.10400736335315774,1
3513.6666666666665,1.3333333333333333,17.236055947636565,7386.293318680533,34175.333333333336,0.10214969861303475,1
3566.0,1.6666666666666667,17.26837451294374,7232.143460139296,35839.666666666664,0.09891275030459733,1
3616.0,1.6666666666666667,21.276263666325477,11467.070989622485,37400.666666666664,0.09609454376927327,1
3663.6666666666665,1.6666666666666667,21.22408579906271,11246.890796054304,39033.0,0.09326296552489774,1
3705.0,1.6666666666666667,21.4425619727267,11375.65180088369,40634.0,0.0906137717182655,1
3747.6666666666665,1.3333333333333333,21.411411974181284,11238.441513099018,42136.666666666664,0.08841072699944624,1
3786.6666666666665,1.6666666666666667,21.421687512823716,11083.681881152144,43580.333333333336,0.08641512608898509,1
3820.6666666666665,2.0,25.051272352139716,14639.343208256187,44927.666666666664,0.08458039960529147,1
3856.6666666666665,1.6666666666666667,24.957887729820158,14427.61639496457,46371.0,0.08273849316742504,1
3885.6666666666665,1.6666666666666667,25.187334362551763,14553.756351049742,47685.333333333336,0.08108013645006151,1
3907.0,1.6666666666666667,25.177059215661867,14497.99311270219,48082.0,0.08086186098747972,1
1.6666666666666667,1.3333333333333333,2.1314806770278754,565.9622637160691,3.0,0.2222222222222222,1
2.3333333333333335,1.6666666666666667,5.38770301241633,5246.385622558252,10.666666666666666,125,1
3.6666666666666665,2.0,4.356994197551794,4542.264887864141,21.333333333333332,0.15625,1
3.6666666666666665,1.6666666666666667,8.421189767381762,10100.8866789442,22.0,0.15151515151515152,1
5.0,1.6666666666666667,9.677856052999816,11560.546862333958,28.666666666666668,0.16279069767441862,1
5.666666666666667,1.6666666666666667,8.996912479934304,10675.52987809795,34.666666666666664,0.15384615384615385,1
7.0,1.3333333333333333,8.668224879327587,10062.397309110005,42.666666666666664,0.15625,1
7.666666666666667,1.6666666666666667,7.500922566237801,8657.418780051095,58.0,0.12643678160919541,1
7.666666666666667,2.0,7.841219465047631,9091.49043669961,59.666666666666664,0.12290502793296089,1
8.333333333333334,1.6666666666666667,7.2844976553201715,8281.262473880279,73.0,0.1095890410958904,1
9.0,1.6666666666666667,6.698151885137693,7538.798588770273,89.0,0.09737827715355805,1
9.333333333333334,1.6666666666666667,6.602763086806871,7370.835070250178,96.66666666666667,0.09310344827586207,1
11.0,1.3333333333333333,6.2184126635778165,6930.468595827535,109.66666666666667,0.0972644376899696,1
11.0,1.6666666666666667,6.749988575443415,7670.0738161989675,110.66666666666667,0.0963855421686747,1
12.0,2.0,6.890965814036127,7751.518209582688,119.0,0.09803921568627451,1
12.0,1.6666666666666667,6.681351832329438,7475.317797625282,130.66666666666666,0.08928571428571429,1
13.0,1.6666666666666667,6.42527167047128,7171.066955541268,143.0,0.08857808857808858,1
13.0,1.6666666666666667,6.286413954058683,7012.28018278563,149.66666666666666,0.08463251670378619,1
1.6666666666666667,1.3333333333333333,2.4267032964268394,659.9490931545822,2.0,0.3333333333333333,1
13.0,1.6666666666666667,6.279436948888151,7004.596782377896,150.0,0.08444444444444445,1
2.3333333333333335,1.6666666666666667,4.865953144040744,4711.567076820089,13.333333333333334,0.1,1
3.6666666666666665,1.6666666666666667,5.942890900039343,6615.742229903252,22.0,0.15151515151515152,1
3.6666666666666665,1.6666666666666667,10.334614974282626,12363.094544608697,25.0,0.13333333333333333,1
5.666666666666667,1.3333333333333333,8.364872290440195,9866.99820689289,42.0,0.12698412698412698,1
7.0,1.6666666666666667,7.5351089597968715,8626.190944861017,63.333333333333336,0.10526315789473684,1
7.666666666666667,2.0,7.887162426436565,9279.032870814057,80.33333333333333,0.0912863070539419,1
7.666666666666667,1.6666666666666667,8.33557861200863,9680.376163831086,93.66666666666667,0.07829181494661921,1
8.333333333333334,1.6666666666666667,8.01250686735164,9214.39687349067,110.0,0.07272727272727272,1
9.333333333333334,1.6666666666666667,7.302872915714387,8329.531250579867,137.33333333333334,0.06553398058252427,1
10.0,1.3333333333333333,6.786248186230939,7668.349017674721,166.33333333333334,0.05811623246492986,1
11.0,1.6666666666666667,6.85993603708555,7710.302713842765,183.0,0.058287795992714025,1
12.0,2.0,6.865445043317912,7723.184861840408,204.66666666666666,0.057003257328990226,1
12.666666666666666,1.6666666666666667,6.599896132608933,7372.9223847958565,231.0,0.05339105339105339,1
13.666666666666666,1.6666666666666667,6.2617497041123285,6986.44597364815,260.6666666666667,0.05115089514066496,1
14.0,1.6666666666666667,6.651917648912073,7434.284196114588,267.3333333333333,0.05112219451371571,1
15.0,1.3333333333333333,6.482153937810286,7212.739756323933,291.6666666666667,0.05028571428571429,1
15.0,1.6666666666666667,6.786411488782528,7758.462437207636,310.3333333333333,0.047261009667024706,1
15.0,2.0,7.483329005288486,8884.523303099917,323.0,0.04540763673890609,1
15.0,1.6666666666666667,8.348911117867793,9906.370258440294,336.0,0.04365079365079365,1
15.0,1.6666666666666667,9.719720143058389,11610.852414204752,337.0,0.043521266073194856,1
15.0,1.6666666666666667,10.935779952080372,13149.41125602675,340.0,0.043137254901960784,1
15.666666666666666,1.3333333333333333,11.59291903754215,14011.12741712235,343.6666666666667,0.0446168768186227,1
15.666666666666666,1.6666666666666667,12.804165088977468,15552.927068648682,344.3333333333333,0.044530493707647625,1
16.333333333333332,2.0,13.962251311232173,16967.155287175523,350.0,0.045714285714285714,1
16.333333333333332,1.6666666666666667,14.021364060298863,16986.66604159133,356.3333333333333,0.04490177736202058,1
17.0,1.6666666666666667,14.023776131385016,16987.836253145048,369.6666666666667,0.045987376014427414,1
17.666666666666668,1.6666666666666667,14.334016192697353,17435.43057980523,374.6666666666667,0.04715302491103203,1
18.666666666666668,1.3333333333333333,14.17784074886258,17209.52157655971,391.3333333333333,0.04770017035775128,1
19.333333333333332,1.6666666666666667,14.210909834882521,17237.65302170455,402.6666666666667,0.048013245033112585,1
19.333333333333332,1.6666666666666667,14.164794158957239,17184.77904660115,412.6666666666667,0.046849757673667204,1
20.0,1.6666666666666667,13.964668395669156,16926.646283733655,431.0,0.04640371229698376,1
20.666666666666668,1.6666666666666667,13.829180057701988,16753.369422140582,445.3333333333333,0.04640718562874251,1
20.666666666666668,1.3333333333333333,13.923918122176923,16854.25552474369,452.3333333333333,0.045689019896831246,1
20.666666666666668,1.6666666666666667,14.284923280147623,17387.34835629364,457.3333333333333,0.04518950437317784,1
22.0,2.0,14.021710942979137,17020.736290808,481.0,0.04573804573804574,1
22.666666666666668,1.6666666666666667,14.080857829847194,17083.05917605491,485.3333333333333,0.046703296703296704,1
22.666666666666668,1.6666666666666667,14.382090123683856,17517.754205873123,486.6666666666667,0.04657534246575343,1
22.666666666666668,1.6666666666666667,14.748721357727131,18036.541489369134,495.6666666666667,0.04572965702757229,1
22.666666666666668,1.3333333333333333,15.092574593077233,18472.912192795007,501.0,0.04524284763805722,1
23.333333333333332,1.6666666666666667,15.524832710848582,18910.993354074006,506.3333333333333,0.04608294930875576,1
25.333333333333332,2.0,15.557771469259126,19004.530038220833,517.6666666666666,0.0489375402446877,1
27.0,1.6666666666666667,15.745169737439536,19253.131350265325,527.3333333333334,0.05120101137800253,1
28.0,1.6666666666666667,16.224055740849973,19833.071994976966,531.3333333333334,0.05269761606022585,1
28.333333333333332,1.6666666666666667,16.234953441783894,19791.5632081907,542.3333333333334,0.05162876459741856,1
28.666666666666668,1.3333333333333333,16.217383125328386,19816.73393802245,555.6666666666666,0.05158968206358728,1
28.666666666666668,1.6666666666666667,16.459651042387748,20131.049530526227,558.0,0.05137395459976105,1
28.666666666666668,2.0,16.784958279219193,20407.746553784047,562.0,0.051008303677342826,1
28.666666666666668,1.6666666666666667,17.14764152247705,20711.019158536667,564.3333333333334,0.050797401063201415,1
29.333333333333332,1.6666666666666667,17.341358982001182,21003.557079795068,569.0,0.051552431165787935,1
30.333333333333332,1.6666666666666667,17.402247362631545,21025.288828863555,582.6666666666666,0.05205949656750572,1
31.0,1.3333333333333333,17.551613346189825,21111.051501176673,595.3333333333334,0.052071668533034715,1
31.0,1.6666666666666667,17.754289825506213,21279.468593381247,597.0,0.051926298157453935,1
32.0,2.0,17.587844312638875,21090.428498053006,618.3333333333334,0.05175202156334232,1
32.666666666666664,1.6666666666666667,17.26863028503408,20698.510461097383,642.6666666666666,0.0508298755186722,1
34.666666666666664,1.6666666666666667,17.084940704143577,20474.156608112007,658.6666666666666,0.05212550607287449,1
34.666666666666664,1.6666666666666667,17.21086969452259,20670.387274546545,661.0,0.05194150277357539,1
34.666666666666664,1.3333333333333333,17.279158689995853,20803.427613419084,672.6666666666666,0.051040634291377604,1
35.333333333333336,1.6666666666666667,17.13575613486634,20605.727195847317,693.3333333333334,0.05048076923076923,1
36.666666666666664,1.6666666666666667,16.989766826841674,20431.96957615999,708.3333333333334,0.05129411764705882,1
38.666666666666664,1.6666666666666667,16.923747499198768,20370.585458892954,723.3333333333334,0.05115207373271889,1
40.666666666666664,1.6666666666666667,16.957875684525536,20440.80356449711,735.6666666666666,0.05210693248753965,1
40.666666666666664,1.3333333333333333,16.872599060669426,20317.00827568167,747.3333333333334,0.05129348795718109,1
41.333333333333336,1.6666666666666667,16.836678791484783,20271.27537267601,757.3333333333334,0.05149647887323944,1
42.333333333333336,2.0,16.59348660425141,19969.25484771986,781.3333333333334,0.0507679180887372,1
42.333333333333336,1.6666666666666667,16.484368934825394,19835.135000189715,793.3333333333334,0.05,1
43.333333333333336,1.6666666666666667,16.46836927507776,19816.47538588986,801.3333333333334,0.05033277870216306,1
44.0,1.6666666666666667,16.437680040166274,19773.819426946025,810.0,0.050617283950617285,1
44.0,1.3333333333333333,16.38421446995517,19711.818897959267,822.0,0.049878345498783457,1
44.0,1.6666666666666667,16.42237668231589,19769.608462121392,830.0,0.04939759036144578,1
46.0,2.0,16.19349581249081,19484.774541938514,856.0,0.049454828660436136,1
46.0,1.6666666666666667,16.17689479331062,19458.584024619515,861.3333333333334,0.04914860681114551,1
46.0,1.6666666666666667,16.323921755431275,19671.74339355831,863.0,0.049053688682889146,1
46.0,1.6666666666666667,16.436926445232587,19815.581273731932,875.0,0.04838095238095238,1
46.333333333333336,1.3333333333333333,16.45750678886845,19839.760953273562,891.6666666666666,0.04747663551401869,1
46.333333333333336,1.6666666666666667,16.520427010224573,19928.1146597146,894.0,0.04735272184936615,1
47.666666666666664,2.0,16.58407851921969,20002.27052471527,901.0,0.04772475027746948,1
47.666666666666664,1.6666666666666667,16.806081754693807,20314.140526176663,902.0,0.04767184035476718,1
48.0,1.6666666666666667,16.91362794462819,20442.16840409776,912.0,0.047149122807017545,1
49.666666666666664,1.6666666666666667,16.79442068175226,20291.918561304537,928.3333333333334,0.04775583482944345,1
52.0,1.3333333333333333,16.729760004945195,20217.33940365935,939.6666666666666,0.049308265342319975,1
53.0,1.6666666666666667,16.722403498115288,20230.117986475205,952.3333333333334,0.04935246762338117,1
53.666666666666664,2.0,16.584559351783135,20055.555218269605,974.3333333333334,0.04892234006158057,1
53.666666666666664,1.6666666666666667,16.521148818733014,19975.70447592359,986.6666666666666,0.04831081081081081,1
54.333333333333336,1.6666666666666667,16.35230426743439,19764.93667038355,1008.6666666666666,0.04791804362194316,1
55.666666666666664,1.6666666666666667,16.080638432908717,19430.264363818136,1044.3333333333333,0.04755825087775295,1
57.0,1.3333333333333333,15.974263714295228,19297.566216781335,1061.0,0.04806786050895382,1
57.666666666666664,1.6666666666666667,15.868318444813191,19164.395586884017,1080.3333333333333,0.047824745448935516,1
59.0,1.6666666666666667,15.679415018501544,18928.508374200017,1108.0,0.04783393501805054,1
59.0,1.6666666666666667,15.577454014002566,18805.915396618144,1126.3333333333333,0.047055341817105655,1
59.0,1.6666666666666667,15.570633645071256,18808.10193184727,1140.0,0.04649122807017544,1
59.0,1.3333333333333333,15.671010587709288,18955.97696216389,1146.3333333333333,0.04623437045652806,1
59.666666666666664,1.6666666666666667,15.733166629378045,19036.67922446603,1158.3333333333333,0.04633093525179856,1
59.666666666666664,2.0,15.76597921358592,19076.48794681562,1162.0,0.04618473895582329,1
60.333333333333336,1.6666666666666667,15.815038885839538,19158.60604731874,1172.6666666666667,0.04633314383172257,1
61.0,1.6666666666666667,15.933612200083958,19335.248920356007,1180.6666666666667,0.046583850931677016,1
61.0,1.6666666666666667,15.902370408779301,19275.76990366056,1194.6666666666667,0.04603794642857143,1
61.666666666666664,1.3333333333333333,15.860662500254302,19218.541186962895,1205.6666666666667,0.04617085982858723,1
61.666666666666664,1.6666666666666667,15.859309647244535,19224.21832810949,1216.0,0.04577850877192982,1
62.0,2.0,15.777579134784663,19116.100775508738,1232.6666666666667,0.04542996214169821,1
62.0,1.6666666666666667,15.780493042993577,19134.851661022803,1244.3333333333333,0.045004018215912135,1
62.0,1.6666666666666667,15.917080871292884,19332.609841103047,1245.6666666666667,0.04495584693604496,1
62.0,1.6666666666666667,16.002268076166597,19439.197676595883,1260.6666666666667,0.044420941300899,1
63.0,1.3333333333333333,16.262230432405378,19769.321840245208,1263.0,0.044866719451042494,1
63.333333333333336,1.6666666666666667,16.60053292787254,20176.942368583936,1264.3333333333333,0.04534669127339837,1
63.333333333333336,2.0,17.090923024954996,20746.3354918479,1265.3333333333333,0.045310853530031614,1
63.333333333333336,1.6666666666666667,17.647312100621196,21380.705783983703,1266.6666666666667,0.045263157894736845,1
63.333333333333336,1.6666666666666667,18.244965894641986,22034.007507870952,1268.3333333333333,0.04520367936925099,1
63.333333333333336,1.6666666666666667,18.915220192108457,22697.582280382456,1269.0,0.0451799317047544,1
64.0,1.3333333333333333,19.2758158503659,23013.976684958954,1277.6666666666667,0.0453952517610227,1
64.66666666666667,1.6666666666666667,19.5507978593059,23312.639488204633,1285.0,0.04565499351491569,1
66.66666666666667,2.0,19.803351502699076,23556.193331227776,1302.6666666666667,0.0465711361310133,1
67.33333333333333,1.6666666666666667,19.94272842583823,23589.500337385223,1321.6666666666667,0.04640605296343001,1
68.0,1.6666666666666667,19.86255377005965,23491.646044940506,1334.3333333333333,0.046465151136647516,1
68.0,1.6666666666666667,19.75179728948013,23355.440262751,1351.0,0.0458919319022946,1
69.33333333333333,1.3333333333333333,19.575437286809688,23144.059818667705,1376.3333333333333,0.046015984499878905,1
70.33333333333333,1.6666666666666667,19.345465673133162,22867.729934119765,1410.3333333333333,0.045379342944930276,1
71.0,1.6666666666666667,19.260978370291987,22764.31442665212,1425.0,0.045380116959064326,1
72.33333333333333,1.6666666666666667,19.115117391002983,22586.782628718986,1448.3333333333333,0.04556962025316456,1
73.0,1.6666666666666667,19.004240608489777,22451.410905297445,1466.6666666666667,0.045454545454545456,1
73.66666666666667,1.3333333333333333,18.884781239041658,22308.160990739954,1486.6666666666667,0.045291479820627804,1
73.66666666666667,1.6666666666666667,18.86943155687212,22297.302863299716,1494.3333333333333,0.04505911220165068,1
73.66666666666667,2.0,18.843410723132916,22269.819839514454,1504.3333333333333,0.04475958342565921,1
73.66666666666667,1.6666666666666667,18.857740100072274,22296.2810916951,1508.6666666666667,0.044631020768890854,1
73.66666666666667,1.6666666666666667,18.928903597092546,22406.27008514173,1510.6666666666667,0.04457193292144748,1
75.66666666666667,1.6666666666666667,18.966860839997373,22453.950774301607,1517.3333333333333,0.04569420035149385,1
75.66666666666667,1.3333333333333333,18.980540325834383,22469.732610714767,1520.3333333333333,0.045604034203025653,1
77.0,1.6666666666666667,18.958686579991046,22459.112942507498,1533.0,0.046096977603826916,1
77.0,2.0,19.01787431697637,22531.084138428963,1538.6666666666667,0.04592720970537262,1
77.66666666666667,1.6666666666666667,18.97681371937059,22482.854540910485,1547.6666666666667,0.04609088951109196,1
77.66666666666667,1.6666666666666667,19.01091921173937,22538.98556693462,1552.3333333333333,0.04595232982606828,1
77.66666666666667,1.6666666666666667,19.029017494134937,22576.378217013906,1562.3333333333333,0.045658203541711115,1
78.0,1.3333333333333333,18.994339376628016,22524.996272556808,1579.0,0.04517627190204771,1
78.33333333333333,1.6666666666666667,19.00419677478598,22542.720081639407,1582.3333333333333,0.0455024225826838,1
79.0,2.0,19.04852437818982,22619.33933740843,1588.0,0.04575986565910999,1
79.66666666666667,1.6666666666666667,19.069842534134164,22649.42682542221,1599.3333333333333,0.04585243851604835,1
79.66666666666667,1.6666666666666667,19.031447086280927,22598.418364251524,1613.0,0.04546393883033684,1
80.33333333333333,1.6666666666666667,18.968745877444903,22525.82533486405,1628.6666666666667,0.04543593941874744,1
82.33333333333333,1.3333333333333333,18.887489552783254,22426.316391313383,1646.0,0.046172539489671933,1
82.33333333333333,1.6666666666666667,18.852898183643568,22389.09172458363,1657.3333333333333,0.04585679806918745,1
83.66666666666667,2.0,18.824752444069045,22363.093616639195,1669.6666666666667,0.046316630065881416,1
84.0,1.6666666666666667,18.710680203518898,22221.980048356345,1693.6666666666667,0.04585711474119268,1
85.33333333333333,1.6666666666666667,18.619097690592515,22112.55923689524,1711.6666666666667,0.046153846153846156,1
86.33333333333333,1.6666666666666667,18.578291400673685,22073.798534904905,1726.6666666666667,0.04633204633204633,1
88.33333333333333,1.3333333333333333,18.454634359577692,21921.379984006322,1751.3333333333333,0.04682146935668063,1
88.33333333333333,1.6666666666666667,18.458597153587785,21930.11813230901,1756.6666666666667,0.04667931688804554,1
88.33333333333333,1.6666666666666667,18.399413525058478,21867.613467952917,1776.3333333333333,0.04616250703696754,1
89.66666666666667,1.6666666666666667,18.29327403165708,21737.79659063177,1798.6666666666667,0.046330615270570794,1
90.33333333333333,1.6666666666666667,18.190416204544047,21615.0847537165,1821.0,0.04612850082372323,1
90.33333333333333,1.3333333333333333,18.242338771402768,21695.756746447067,1822.6666666666667,0.046086320409656184,1
91.0,1.6666666666666667,18.149031456689755,21583.462766986395,1848.0,0.045815295815295816,1
94.0,2.0,18.027930791941355,21436.382178766737,1874.3333333333333,0.04659434465587765,1
94.33333333333333,1.6666666666666667,17.995871913597963,21398.514132171065,1884.0,0.04670912951167728,1
94.33333333333333,1.6666666666666667,18.04763059655495,21474.05798631432,1887.3333333333333,0.04662663369833981,1
94.33333333333333,1.6666666666666667,17.956744154698214,21353.931904119225,1914.0,0.04597701149425287,1
95.66666666666667,1.3333333333333333,17.853086698582093,21228.5345906488,1937.3333333333333,0.04611149346180317,1
95.66666666666667,1.6666666666666667,17.812441713775602,21181.366511729902,1950.3333333333333,0.04580413604512049,1
97.0,2.0,17.794491282174885,21164.869255923684,1963.0,0.04618780777721175,1
97.0,1.6666666666666667,17.75650277522346,21109.18940828183,1980.6666666666667,0.04577583305284416,1
98.33333333333333,1.6666666666666667,17.679758336568536,21015.85055085115,1999.3333333333333,0.04601533844614872,1
98.66666666666667,1.6666666666666667,17.58864207237086,20903.01310740813,2022.3333333333333,0.045656832042195485,1
99.33333333333333,1.3333333333333333,17.52178859301416,20823.97879867515,2040.3333333333333,0.04558078745303055,1
99.33333333333333,1.6666666666666667,17.524119530514653,20836.785834190043,2051.0,0.045343734763529986,1
99.66666666666667,2.0,17.552751731813,20874.461100140747,2059.3333333333335,0.045160246034315316,1
100.0,1.6666666666666667,17.484172604469936,20790.786788513004,2078.0,0.0450753930060956,1
100.66666666666667,1.6666666666666667,17.448637939089366,20749.608247752953,2091.0,0.045113980551570225,1
100.66666666666667,1.6666666666666667,17.479546973083618,20801.085525472914,2095.3333333333335,0.0450206808781419,1
101.66666666666667,1.3333333333333333,17.459820651936425,20777.009824873738,2114.0,0.04509618416903185,1
102.33333333333333,1.6666666666666667,17.445943117990065,20760.556327366943,2121.6666666666665,0.04524744697564807,1
103.0,2.0,17.372097839250053,20671.21152292595,2142.6666666666665,0.04511512134411948,1
103.0,1.6666666666666667,17.397197945335886,20711.147611671815,2148.0,0.04500310366232154,1
103.0,1.6666666666666667,17.379568566420083,20700.383755211744,2165.3333333333335,0.044642857142857144,1
103.66666666666667,1.6666666666666667,17.330684370213213,20636.700335355486,2181.3333333333335,0.04462102689486552,1
103.66666666666667,1.3333333333333333,17.31342067617976,20616.80604047922,2192.3333333333335,0.044397141553899955,1
104.33333333333333,1.6666666666666667,17.328302428373206,20644.907946300988,2198.3333333333335,0.044579226686884,1
104.33333333333333,1.6666666666666667,17.380705114556005,20720.481571115753,2205.0,0.044444444444444446,1
106.0,1.6666666666666667,17.33980735818792,20669.633921015695,2218.6666666666665,0.044921875,1
106.66666666666667,1.6666666666666667,17.322921579110798,20652.209112115215,2229.6666666666665,0.04499925250411123,1
107.33333333333333,1.3333333333333333,17.29782710162285,20621.16875084711,2239.3333333333335,0.045102709139624886,1
107.66666666666667,1.6666666666666667,17.282450493660644,20605.438654985177,2251.3333333333335,0.04501036422860527,1
108.33333333333333,2.0,17.243361318024057,20556.25775509173,2265.0,0.045033112582781455,1
109.0,1.6666666666666667,17.232421084064384,20542.490341474015,2272.6666666666665,0.045174537987679675,1
109.66666666666667,1.6666666666666667,17.185174300442082,20482.508924249723,2288.0,0.04516317016317016,1
111.0,1.6666666666666667,17.131063791279608,20415.350455931526,2304.3333333333335,0.04542166931867496,1
111.66666666666667,1.3333333333333333,17.073600030397373,20344.396972229777,2322.3333333333335,0.045356681498492896,1
111.66666666666667,1.6666666666666667,17.041719593536424,20305.729399850068,2334.0,0.045129962867752074,1
112.33333333333333,2.0,17.022589202502047,20284.00931855231,2343.6666666666665,0.0452282747831034,1
113.0,1.6666666666666667,16.914834196107563,20152.299428775354,2375.0,0.04491228070175438,1
113.66666666666667,1.6666666666666667,16.86971145993101,20097.08740975878,2390.3333333333335,0.04490308185748152,1
114.33333333333333,1.6666666666666667,16.814110258383785,20028.35737846207,2409.6666666666665,0.04481947710610043,1
116.33333333333333,1.3333333333333333,16.77049037714435,19978.75012356798,2425.3333333333335,0.045354590434304565,1
116.33333333333333,1.6666666666666667,16.71283797891294,19910.87740855682,2446.3333333333335,0.044965254121814964,1
116.33333333333333,2.0,16.728245268399537,19934.287936572488,2451.3333333333335,0.044873538210497686,1
117.33333333333333,1.6666666666666667,16.66804115142934,19858.19407410706,2471.6666666666665,0.04477410654079569,1
119.0,1.6666666666666667,16.59481704204131,19769.134775185747,2495.0,0.04462257849031396,1
121.0,1.6666666666666667,16.593816440977896,19769.85796745535,2501.0,0.04504864720778355,1
121.0,1.3333333333333333,16.617660534709632,19804.360318106745,2505.0,0.044976713240186296,1
121.0,1.6666666666666667,16.634182530024457,19836.553550286968,2516.0,0.044780074191838895,1
121.0,2.0,16.65322226104572,19858.519700152803,2530.0,0.04453227931488801,1
121.0,1.6666666666666667,16.73319148690922,19947.522144792096,2535.6666666666665,0.044432759300644144,1
121.0,1.6666666666666667,16.880608711265108,20128.434986433946,2537.0,0.04440940743660492,1
121.66666666666667,1.6666666666666667,17.012518995823964,20273.6072970973,2542.3333333333335,0.04457847122066343,1
123.33333333333333,1.3333333333333333,17.048306001556476,20311.612092359625,2555.0,0.04487932159165036,1
123.33333333333333,1.6666666666666667,17.15843483821015,20442.06769463774,2556.0,0.044861763171622326,1
123.33333333333333,1.6666666666666667,17.30358644681071,20625.25318373462,2557.0,0.044844218485204014,1
123.33333333333333,1.6666666666666667,17.422083364833284,20754.809362430522,2565.3333333333335,0.0446985446985447,1
123.33333333333333,1.6666666666666667,17.477683096215777,20821.99282109805,2575.0,0.04453074433656958,1
123.33333333333333,1.3333333333333333,17.629849511107352,21004.674236703024,2576.0,0.044513457556935816,1
124.0,1.6666666666666667,17.765594690822894,21159.10612772441,2581.0,0.04468552240733566,1
124.66666666666667,2.0,17.811170000335846,21218.53111573031,2589.6666666666665,0.04479340970523877,1
126.33333333333333,1.6666666666666667,17.873377399605044,21291.05695509024,2597.6666666666665,0.04516874117798024,1
127.66666666666667,1.6666666666666667,17.96239539492208,21384.841232598028,2614.3333333333335,0.045135789876322836,1
130.0,1.6666666666666667,17.950153070337468,21354.269026080932,2631.3333333333335,0.045604256397263745,1
132.0,1.3333333333333333,17.855072778645564,21239.520457269176,2660.3333333333335,0.04548302217767197,1
132.0,1.6666666666666667,17.848882797471305,21233.954503305013,2667.0,0.045369328833895765,1
132.0,2.0,17.82451482829656,21218.259355617698,2686.6666666666665,0.045037220843672454,1
132.66666666666666,1.6666666666666667,17.76640189536678,21145.05112977715,2708.3333333333335,0.04492307692307692,1
133.33333333333334,1.6666666666666667,17.69128883061469,21054.297388207666,2732.3333333333335,0.04477247773575698,1
133.33333333333334,1.6666666666666667,17.713781510272657,21088.093073478783,2734.0,0.04474518410143867,1
133.33333333333334,1.3333333333333333,17.781000539229982,21195.726598576122,2735.6666666666665,0.04471792372365054,1
134.0,1.6666666666666667,17.75039596010661,21149.90681952412,2751.6666666666665,0.044700181708055724,1
135.66666666666666,2.0,17.694499709358627,21081.79341005365,2770.0,0.04488567990373044,1
136.33333333333334,1.6666666666666667,17.683613409683034,21071.27769136065,2777.6666666666665,0.04500180007200288,1
137.0,1.6666666666666667,17.714051720529035,21118.482485147968,2781.0,0.045187582404410884,1
137.0,1.6666666666666667,17.727130173750993,21137.943974609447,2789.6666666666665,0.04504719799259171,1
137.0,1.3333333333333333,17.73386688573244,21157.249102064074,2802.3333333333335,0.044843582728678485,1
137.0,1.6666666666666667,17.746584876865718,21166.98822557281,2809.6666666666665,0.04472653932850872,1
137.33333333333334,2.0,17.71787483271064,21129.466825633936,2822.3333333333335,0.044643911657021376,1
137.33333333333334,1.6666666666666667,17.745892611001572,21174.48410114862,2825.6666666666665,0.04459124690338563,1
137.33333333333334,1.6666666666666667,17.829626364220015,21287.33085736846,2826.3333333333335,0.044580728859535325,1
137.33333333333334,1.6666666666666667,17.903134127071777,21386.797140983985,2830.3333333333335,0.04451772464962902,1
137.33333333333334,1.3333333333333333,17.959295898455263,21474.329905480074,2841.0,0.044350580781414996,1
138.66666666666666,1.6666666666666667,17.9614131783606,21472.575373625208,2849.6666666666665,0.04468358872382735,1
139.33333333333334,1.6666666666666667,17.99141503081458,21513.309967591675,2855.0,0.04483362521891419,1
140.0,1.6666666666666667,18.03769411426733,21583.044521757718,2862.3333333333335,0.04495167113077909,1
140.66666666666666,1.6666666666666667,18.07956745705482,21640.716290449116,2872.6666666666665,0.04502204687862613,1
140.66666666666666,1.3333333333333333,18.055643967062853,21611.62469996054,2883.6666666666665,0.04485030632296844,1
140.66666666666666,1.6666666666666667,18.078148444230088,21647.59623676607,2887.0,0.044798522110610785,1
140.66666666666666,2.0,18.10897464779807,21690.076205031597,2895.0,0.04467472654001151,1
141.33333333333334,1.6666666666666667,18.063212626734845,21630.116275317276,2916.0,0.04458161865569273,1
141.33333333333334,1.6666666666666667,18.071433868237882,21643.20673588855,2921.0,0.044505306401917154,1
142.0,1.6666666666666667,18.08186370685071,21668.787592593744,2930.0,0.04459613196814562,1
142.0,1.3333333333333333,18.142460512843954,21741.993993861626,2932.6666666666665,0.04455558081382132,1
142.0,1.6666666666666667,18.141957582693347,21742.53410031324,2945.3333333333335,0.04436396559529199,1
142.0,2.0,18.17414777391265,21794.50069335638,2956.0,0.04420387911592242,1
142.0,1.6666666666666667,18.237408022195684,21887.461148675473,2957.6666666666665,0.04417896990871182,1
142.0,1.6666666666666667,18.34861860216217,22046.050667480267,2958.6666666666665,0.04416403785488959,1
142.66666666666666,1.6666666666666667,18.40067841541899,22111.045081693777,2968.6666666666665,0.04423983831125084,1
142.66666666666666,1.3333333333333333,18.43848777093369,22171.610984602095,2980.0,0.04407158836689038,1
143.33333333333334,1.6666666666666667,18.502276577210424,22267.763767721495,2989.0,0.04416192706590833,1
144.0,2.0,18.555945177546164,22340.950460247197,3000.0,0.044222222222222225,1
144.0,1.6666666666666667,18.567341062489287,22361.800582861044,3005.3333333333335,0.04414374445430346,1
144.66666666666666,1.6666666666666667,18.477313339282123,22249.674890641432,3036.6666666666665,0.043907793633369926,1
145.33333333333334,1.6666666666666667,18.459885685571138,22228.32551599184,3045.3333333333335,0.04400175131348511,1
146.33333333333334,1.3333333333333333,18.448504610582706,22217.060546908484,3057.0,0.04416094210009813,1
147.0,1.6666666666666667,18.42970772002669,22197.92205608492,3070.0,0.044191096634093374,1
147.66666666666666,2.0,18.367725028720333,22120.990132811003,3092.3333333333335,0.04408752829578527,1
147.66666666666666,1.6666666666666667,18.38320055210981,22143.27253361262,3096.3333333333335,0.04403057379696415,1
147.66666666666666,1.6666666666666667,18.35389843084034,22108.271781089974,3110.3333333333335,0.043832386668095594,1
148.33333333333334,1.6666666666666667,18.285619084549385,22022.45534664429,3136.0,0.04368622448979592,1
149.0,1.3333333333333333,18.25911732276201,21990.507811371754,3148.0,0.04373146971622194,1
149.0,1.6666666666666667,18.287048323223267,22031.964097267308,3151.6666666666665,0.04368059227921735,1
149.0,1.6666666666666667,18.299090342554965,22055.144858739535,3164.0,0.043510324483775814,1
149.0,1.6666666666666667,18.32133244882348,22081.632544436532,3175.0,0.043359580052493435,1
149.0,1.6666666666666667,18.412723746745616,22196.964444346188,3177.0,0.04333228412548526,1
149.66666666666666,1.3333333333333333,18.526928265556766,22349.911006806717,3179.0,0.043514732096046976,1
149.66666666666666,1.6666666666666667,18.712233115807777,22584.712925140157,3179.6666666666665,0.043505608554355805,1
149.66666666666666,2.0,18.89401270341665,22809.56394194861,3180.6666666666665,0.04349193041291134,1
149.66666666666666,1.6666666666666667,19.096340886945452,23060.589263442853,3182.0,0.04347370626440394,1
149.66666666666666,1.6666666666666667,19.29559557791565,23306.32905289185,3182.6666666666665,0.04346459991621282,1
149.66666666666666,1.6666666666666667,19.534625829295983,23581.666623463127,3183.6666666666665,0.04345094754475971,1
149.66666666666666,1.3333333333333333,19.791042946076303,23875.287726411843,3184.6666666666665,0.043437303747121625,1
149.66666666666666,1.6666666666666667,20.023466530328438,24151.676789899673,3185.3333333333335,0.0434282126412725,1
150.66666666666666,2.0,20.132490522137555,24251.504594435402,3205.0,0.04336973478939157,1
151.0,1.6666666666666667,20.257667744692696,24397.48441442678,3210.0,0.043509865005192105,1
151.66666666666666,1.6666666666666667,20.35070521503044,24489.430382327424,3217.6666666666665,0.04361338444007044,1
151.66666666666666,1.6666666666666667,20.445798722325534,24589.956832988573,3223.0,0.04354121418967835,1
151.66666666666666,1.3333333333333333,20.42163929787821,24568.04353586021,3240.0,0.04331275720164609,1
151.66666666666666,1.6666666666666667,20.43427922968606,24576.40395634902,3250.3333333333335,0.04317505896831094,1
152.33333333333334,2.0,20.403057847610864,24537.46292793472,3262.0,0.04322501532801962,1
153.66666666666666,1.6666666666666667,20.39779278259879,24536.947430794913,3270.6666666666665,0.04351814105177334,1
154.33333333333334,1.6666666666666667,20.384461746123776,24526.618754440413,3285.0,0.04353120243531203,1
155.66666666666666,1.6666666666666667,20.358464297553276,24488.35846549256,3304.6666666666665,0.043675610248133954,1
157.66666666666666,1.3333333333333333,20.31350983865108,24433.10536562994,3320.3333333333335,0.04407188033329987,1
158.33333333333334,1.6666666666666667,20.25549320379262,24361.55321580378,3340.6666666666665,0.044003192975454,1
158.33333333333334,2.0,20.21050822641587,24305.350768143664,3357.0,0.043789097408400354,1
158.33333333333334,1.6666666666666667,20.190275608311858,24283.070519267672,3368.0,0.04364608076009501,1
158.33333333333334,1.6666666666666667,20.16861526049466,24258.73466983017,3379.3333333333335,0.04349970408364569,1
158.66666666666666,1.6666666666666667,20.13361238397653,24216.055599108196,3392.6666666666665,0.043426999410493224,1
166.0,1.3333333333333333,19.939826126071118,23981.76073186413,3463.3333333333335,0.04465832531280077,1
19.666666666666668,1.6666666666666667,5.640020416194316,6298.42185531238,186.0,0.1039426523297491,1
167.33333333333334,1.6666666666666667,19.93634613266535,23983.21789556805,3474.0,0.044905008635578586,1
168.0,1.6666666666666667,19.888290250119123,23924.32646287864,3496.6666666666665,0.044804575786463297,1
168.0,1.6666666666666667,19.82338633366208,23845.00994942646,3523.0,0.04446967546598543,1
168.66666666666666,1.3333333333333333,19.804137406380924,23824.524206218583,3538.6666666666665,0.044461190655614165,1
169.33333333333334,1.6666666666666667,19.759590841813665,23770.900672022126,3561.3333333333335,0.04436540621490079,1
169.33333333333334,2.0,19.741038244533556,23755.396161908197,3577.6666666666665,0.04416286220068946,1
169.33333333333334,1.6666666666666667,19.792357616272845,23825.97830378928,3586.6666666666665,0.04405204460966543,1
169.33333333333334,1.6666666666666667,19.874427106948765,23924.5459076929,3592.0,0.04398663697104677,1
169.33333333333334,1.6666666666666667,20.015392249559714,24094.66564642959,3593.3333333333335,0.04397031539888683,1
169.33333333333334,1.3333333333333333,20.248586369196964,24355.594570812587,3594.3333333333335,0.043958082166372994,1
169.33333333333334,1.6666666666666667,20.533013220361582,24657.157306641562,3595.0,0.04394993045897079,1
171.66666666666666,2.0,20.671199440919015,24782.16283158187,3607.6666666666665,0.04444239120391758,1
173.0,1.6666666666666667,20.79057436054354,24900.436539436912,3623.0,0.04462232036065875,1
173.66666666666666,1.6666666666666667,20.83286322915256,24912.361571406585,3639.3333333333335,0.044605239054771935,1
174.0,1.6666666666666667,20.7587358965977,24821.45600975686,3668.0,0.044347509996364956,1
174.0,1.3333333333333333,20.767011029537183,24841.093465543014,3677.0,0.044238962922672466,1
174.0,1.6666666666666667,20.778466695556542,24860.423197600216,3695.6666666666665,0.0440155136646523,1
215.66666666666666,2.0,20.613716364863077,24657.46647438751,3780.6666666666665,0.052812555104919764,1
334.6666666666667,1.6666666666666667,19.33688108885075,23077.01884005458,4375.0,0.07276190476190476,1
477.0,1.6666666666666667,17.809682140282845,21105.84917598409,5244.0,0.0880371217899822,1
599.6666666666666,1.6666666666666667,18.55730112311978,19715.711448378795,6022.0,0.09692239566035647,1
720.0,1.3333333333333333,17.7037254082502,18577.50738136906,6791.666666666667,0.10370552147239263,1
845.3333333333334,1.6666666666666667,17.094620267740034,17587.603199786477,7587.333333333333,0.10917318337580177,1
967.6666666666666,2.0,16.737194787323464,16749.0310950906,8396.0,0.11299031284738764,1
1081.6666666666667,1.6666666666666667,16.400050458435935,16089.976128897084,9114.333333333334,0.11655633983103536,1
1196.6666666666667,1.6666666666666667,16.11164810385988,15455.555054482296,9891.0,0.11899706804165402,1
1310.3333333333333,1.6666666666666667,20.699450986593767,17308.566022411513,10652.0,0.12119789710852422,1
19.666666666666668,1.3333333333333333,6.173156477518521,6675.265951954709,186.0,0.1039426523297491,1
1404.0,1.6666666666666667,20.595851178621544,17081.59279588655,11296.0,0.12260977337110482,1
19.666666666666668,1.6666666666666667,8.845889935975586,10149.348176032827,186.0,0.1039426523297491,1
1496.6666666666667,1.6666666666666667,20.57316265993532,16677.777909652163,11885.333333333334,0.12424276419115997,1
19.666666666666668,1.6666666666666667,9.463808676751711,10662.084752843784,186.0,0.1039426523297491,1
1569.3333333333333,1.3333333333333333,20.64040680401462,16512.762176130098,12634.0,0.12257928341512321,1
19.666666666666668,1.6666666666666667,9.921479246563965,11038.112890446158,186.0,0.1039426523297491,1
1659.6666666666667,2.0,20.142679560412383,16113.098741959722,13270.666666666666,0.12343012157138551,1
19.666666666666668,1.6666666666666667,10.4890254767303,11659.7206753197,186.0,0.1039426523297491,1
1703.0,1.6666666666666667,20.042512445277964,16032.809536936084,13404.666666666666,0.12542895509026708,1
19.666666666666668,1.6666666666666667,11.315463843670084,12574.76446944573,186.0,0.1039426523297491,1
1703.0,1.3333333333333333,20.039198787198295,16034.779842179101,13414.666666666666,0.12533545373223337,1
20.666666666666668,1.6666666666666667,11.258978717890514,12524.982205998205,188.33333333333334,0.1079646017699115,1
7.0,2.0,0.05590142476528843,5.478339626998266,106.33333333333333,0.06269592476489028,1
1703.6666666666667,1.6666666666666667,20.027965449766846,16026.256359605226,13431.0,0.12523267068721614,1
21.666666666666668,1.6666666666666667,10.920974348975749,12118.667214456409,203.33333333333334,0.10491803278688525,1
1705.0,1.6666666666666667,20.015947721394042,16016.782322189909,13447.666666666666,0.12517661056441018,1
21.666666666666668,1.3333333333333333,11.561677607378895,13192.556078839605,204.66666666666666,0.10423452768729642,1
1705.0,1.6666666666666667,20.019058415175568,16023.318243538037,13448.333333333334,0.1251704052546784,1
21.666666666666668,2.0,13.189982017898446,15401.180999249134,205.33333333333334,0.1038961038961039,1
1716.3333333333333,1.6666666666666667,37.01770129922959,35806.67945303354,13532.666666666666,0.12522784373614465,1
22.333333333333332,1.6666666666666667,15.216812790586781,17875.447669411526,210.66666666666666,0.10443037974683544,1
1792.0,1.6666666666666667,74.30498046762342,84268.22104653396,14137.0,0.12522694583952276,1
22.333333333333332,1.3333333333333333,16.118776853964718,19185.043171871574,212.0,0.10377358490566038,1
1863.6666666666667,1.6666666666666667,72.9768372462605,82741.84014304703,14668.0,0.12560221798018362,1
23.0,2.0,16.017037208897282,19031.55332112509,223.0,0.1031390134529148,1
1879.6666666666667,1.6666666666666667,71.87417357625883,81475.50119411852,15131.333333333334,0.12279155835572983,1
24.333333333333332,1.6666666666666667,15.574135257645567,18474.158338160196,238.66666666666666,0.10195530726256984,1
1880.0,1.6666666666666667,71.84192045239567,81438.65180311385,15145.333333333334,0.12267805264547936,1
25.333333333333332,1.3333333333333333,15.449123309529565,18308.696175883957,247.33333333333334,0.10242587601078167,1
1881.0,1.6666666666666667,71.80020081893974,81390.80798501686,15163.333333333334,0.12262035612222466,1
26.0,1.6666666666666667,15.437796337632605,18334.687691011375,254.0,0.10236220472440945,1
1881.6666666666667,1.6666666666666667,71.75922624948605,81343.84162892168,15181.0,0.1225215730189052,1
27.333333333333332,1.6666666666666667,15.053659018521293,17841.689815593345,270.6666666666667,0.10098522167487685,1
1881.6666666666667,1.3333333333333333,71.75799140010382,81342.90386966697,15182.0,0.1225135028323014,1
27.333333333333332,1.6666666666666667,15.363743757973477,18286.6320583828,272.0,0.10049019607843138,1
1881.6666666666667,2.0,71.75861191585336,81345.32536156414,15183.333333333334,0.12250274423710208,1
28.666666666666668,1.6666666666666667,15.517947720443914,18524.742560166855,283.6666666666667,0.10105757931844889,1
1881.6666666666667,1.6666666666666667,71.76342220066181,81353.50055064635,15184.0,0.12249736564805058,1
29.333333333333332,1.6666666666666667,15.557206150635524,18569.575206092068,287.0,0.10220673635307782,1
1881.6666666666667,1.3333333333333333,71.76994257870267,81364.18971637766,15184.666666666666,0.12249198753128156,1
29.333333333333332,1.6666666666666667,16.113752809977452,19432.477522146444,288.0,0.10185185185185185,1
1881.6666666666667,2.0,71.78008459679373,81379.5715015883,15185.0,0.12248929864998354,1
29.333333333333332,1.6666666666666667,17.28605713831974,20864.355731583826,288.6666666666667,0.10161662817551963,1
1881.6666666666667,1.6666666666666667,76.47554077645086,87289.80838611799,15186.0,0.12248123271434215,1
33.666666666666664,1.6666666666666667,16.779896463585533,20145.29128497083,311.3333333333333,0.10813704496788008,1
1938.6666666666667,1.3333333333333333,87.14867655056015,98103.974140124,15661.333333333334,0.12242465520177082,1
35.0,1.6666666666666667,16.910073639737274,20334.953705248932,317.0,0.10935856992639327,1
2009.0,2.0,90.8573016729528,102884.57363755423,16200.333333333334,0.12271352441307792,1
35.333333333333336,1.6666666666666667,17.947884044740317,21564.297244154724,318.6666666666667,0.1108786610878661,1
2065.6666666666665,1.6666666666666667,100.06373383645708,114527.82921899503,16686.0,0.12255783291381997,1
37.0,1.6666666666666667,18.235134211716645,21648.492274059743,333.0,0.1111111111111111,1
2131.3333333333335,1.3333333333333333,127.27519378510947,150210.94044050714,17205.666666666668,0.12265338938721738,1
37.666666666666664,1.6666666666666667,18.00811258352362,21432.774649495033,350.0,0.10761904761904761,1
2201.6666666666665,2.0,127.1120743365188,149824.24980028658,17754.333333333332,0.12278692525768357,1
41.333333333333336,1.6666666666666667,17.380063316311492,20667.643198453414,382.0,0.10732984293193717,1
2262.3333333333335,1.6666666666666667,126.77623505122511,149256.56583583946,18209.333333333332,0.12303214468770594,1
41.333333333333336,1.6666666666666667,17.663801044799516,21122.59355868496,384.0,0.10677083333333333,1
2318.3333333333335,1.3333333333333333,125.40936079211559,147627.02848039,18616.666666666668,0.12334825425246196,1
43.333333333333336,1.6666666666666667,17.591366538090416,21004.75881918736,397.6666666666667,0.10813076278290025,1
2325.3333333333335,1.6666666666666667,125.22699310507433,147409.7564031219,18672.0,0.12337546415309912,1
46.333333333333336,1.6666666666666667,17.20747407480874,20527.32862459025,418.0,0.10606060606060606,1
2325.3333333333335,1.6666666666666667,125.22434266082001,147407.05967972727,18673.0,0.12336885699494814,1
47.333333333333336,1.3333333333333333,17.128831628061583,20443.445921209877,425.3333333333333,0.10579937304075235,1
2325.3333333333335,1.6666666666666667,125.22405778702014,147407.01947793082,18673.666666666668,0.12336445261598329,1
49.0,2.0,16.958245050921438,20230.093076430963,438.3333333333333,0.10570342205323194,1
2325.3333333333335,1.6666666666666667,125.22518557753472,147408.5285331508,18674.333333333332,0.12336004855148779,1
49.0,1.6666666666666667,16.911930001341823,20168.50423892231,444.6666666666667,0.10419790104947527,1
2325.3333333333335,1.6666666666666667,125.22612681632961,147410.0846944564,18675.333333333332,0.12335344304430086,1
50.666666666666664,1.3333333333333333,16.799012020891645,20028.47229451305,453.0,0.10522442972774099,1
2326.0,1.6666666666666667,125.1794518412555,147354.2366615969,18689.666666666668,0.12329451211899624,1
50.666666666666664,2.0,16.957565111956974,20255.43371781132,457.3333333333333,0.10422740524781342,1
2326.3333333333335,1.6666666666666667,125.14226158838886,147310.03161396153,18701.0,0.12323761652674545,1
52.666666666666664,1.6666666666666667,16.569679989882573,19780.969343558576,480.6666666666667,0.10194174757281553,1
2327.0,1.6666666666666667,125.12271993154302,147286.95279912086,18707.0,0.1232337271253185,1
52.666666666666664,1.3333333333333333,16.774479244892614,20056.58181616356,481.6666666666667,0.10173010380622838,1
2327.6666666666665,1.6666666666666667,125.0871720037512,147244.8787439448,18718.0,0.12319692274815686,1
53.0,2.0,17.28130303633186,20700.020175086793,483.0,0.10144927536231885,1
2327.6666666666665,1.6666666666666667,125.08386472503511,147240.98365861364,18719.0,0.12319034136438912,1
54.0,1.6666666666666667,17.19652211252166,20594.351834221183,491.6666666666667,0.10101694915254238,1
54.333333333333336,1.6666666666666667,17.44405206711123,20970.830792307454,493.3333333333333,0.10067567567567567,1
652.0,1.3333333333333333,96.50366870653289,119742.64710852492,997.0,0.6539618856569709,1
652.0,1.6666666666666667,96.50331746809648,119742.52881460439,997.0,0.6539618856569709,1
126.33333333333333,2.0,14.396310236375239,16001.776575621907,267.3333333333333,0.47256857855361595,1
652.0,1.6666666666666667,96.50331746809648,119742.52881460439,997.0,0.6539618856569709,1
274.0,1.6666666666666667,12.031575753165779,12748.596653947616,480.0,0.5708333333333333,1
652.0,1.6666666666666667,96.50331746809648,119742.52881460439,997.0,0.6539618856569709,1
424.3333333333333,1.3333333333333333,11.079254698303794,10737.362726973084,709.6666666666666,0.5979333020197276,1
652.0,1.6666666666666667,96.50331746809648,119742.52881460439,997.0,0.6539618856569709,1
579.0,1.6666666666666667,11.064936824902215,9258.431615590836,961.6666666666666,0.5996533795493935,1
652.0,1.6666666666666667,96.50331746809648,119742.52881460439,997.0,0.6539618856569709,1
738.0,1.6666666666666667,11.316754438238412,8231.031245412782,1227.6666666666667,0.5995112679880532,1
652.0,1.3333333333333333,96.50331746809648,119742.52881460439,997.0,0.6539618856569709,1
882.6666666666666,1.6666666666666667,11.830282642003272,7469.495641233617,1509.0,0.5838303512259775,1
652.0,2.0,96.50331746809648,119742.52881460439,997.0,0.6539618856569709,1
1029.0,1.6666666666666667,12.312141192199837,6891.897435901059,1797.0,0.5718790576887405,1
652.0,1.6666666666666667,96.50331746809648,119742.52881460439,997.0,0.6539618856569709,1
1175.3333333333333,1.6666666666666667,13.221947868727634,7769.3638537940815,2099.0,0.5593139590281087,1
652.0,1.3333333333333333,96.50331746809648,119742.52881460439,997.0,0.6539618856569709,1
1300.0,1.6666666666666667,13.855868771640646,7370.356155400037,2363.3333333333335,0.5492242595204513,1
652.0,2.0,96.50331746809648,119742.52881460439,997.0,0.6539618856569709,1
1431.3333333333333,1.6666666666666667,14.500078245391624,7004.988139543002,2662.0,0.536939644377661,1
652.0,1.6666666666666667,96.50331746809648,119742.52881460439,997.0,0.6539618856569709,1
1555.0,1.6666666666666667,15.475826555025026,6830.307139218874,2964.6666666666665,0.5236114234315269,1
652.0,1.3333333333333333,96.50331746809648,119742.52881460439,997.0,0.6539618856569709,1
1658.6666666666667,1.6666666666666667,16.057460742906986,6588.995439645419,3243.0,0.5105355123856511,1
652.0,2.0,96.50331746809648,119742.52881460439,997.0,0.6539618856569709,1
1764.3333333333333,1.6666666666666667,16.980412252179743,7813.867367491776,3518.0,0.5007580064430548,1
652.0,1.6666666666666667,96.50331746809648,119742.52881460439,997.0,0.6539618856569709,1
1863.0,1.6666666666666667,17.455315791157624,7596.723193195046,3800.0,0.4895614035087719,1
652.0,1.3333333333333333,96.50331746809648,119742.52881460439,997.0,0.6539618856569709,1
1945.3333333333333,1.6666666666666667,18.144510215687404,7429.471449399341,4047.0,0.48002635697224283,1
652.0,2.0,96.50331746809648,119742.52881460439,997.0,0.6539618856569709,1
2043.3333333333333,1.6666666666666667,17.683815655486175,7007.743324773996,4588.333333333333,0.4440247003269161,1
652.0,1.6666666666666667,96.50331746809648,119742.52881460439,997.0,0.6539618856569709,1
2111.3333333333335,1.6666666666666667,14.699791372052298,5822.219723068908,6650.333333333333,0.3165756102451005,1
652.0,1.3333333333333333,96.50331746809648,119742.52881460439,997.0,0.6539618856569709,1
2142.3333333333335,1.6666666666666667,13.78956451247504,5460.945489028779,7560.333333333333,0.28239495613068205,1
652.0,1.6666666666666667,96.50331746809648,119742.52881460439,997.0,0.6539618856569709,1
2142.3333333333335,1.6666666666666667,13.78956451247504,5460.945489028779,7560.333333333333,0.28239495613068205,1
652.0,1.6666666666666667,96.50331746809648,119742.52881460439,997.0,0.6539618856569709,1